model,lag,ljung_box_statistic,pvalue
Best SARIMA,7,19.341225908906253,0.007183006149356781
Best SARIMA,14,30.683375646665368,0.006137529361849343
Best SARIMA,21,42.45154201381841,0.00369063767384983
Best SARIMA,28,45.2539439527292,0.020790107741868843
