model,lag,ljung_box_statistic,pvalue
Best GARMAX,7,110.95733452648898,5.811825043327091e-21
Best GARMAX,14,157.4217153682963,2.339596742191675e-26
Best GARMAX,21,182.17134396689502,1.1211592769805532e-27
Best GARMAX,28,194.03221349854746,9.179795836938486e-27
