model,lag,ljung_box_statistic,pvalue
Best ARIMA,7,1432.4520583946369,3.66904641111227e-305
Best ARIMA,14,2922.6908313214167,0.0
Best ARIMA,21,4417.191269844794,0.0
Best ARIMA,28,5833.1817863943415,0.0
