model,lag,ljung_box_statistic,pvalue
Best GARMA,7,845.5708404265647,2.7096820207237754e-178
Best GARMA,14,1278.3518568398679,2.454148437543218e-264
Best GARMA,21,1602.31581083156,0.0
Best GARMA,28,1704.3656684513958,0.0
