model,lag,ljung_box_statistic,pvalue
Best ARIMAX,7,56.85714564864712,6.381520418885263e-10
Best ARIMAX,14,59.909369222195465,1.216916314660786e-07
Best ARIMAX,21,64.4499223670813,2.6482096615971046e-06
Best ARIMAX,28,66.71859002570278,5.2782878563061586e-05
