model,lag,ljung_box_statistic,pvalue
Best SARIMAX,7,62.31754328651377,5.1925957666716984e-11
Best SARIMAX,14,66.36983710716252,8.702835799173171e-09
Best SARIMAX,21,69.90858279473319,3.6345856561129895e-07
Best SARIMAX,28,71.58278905596622,1.1150471647010694e-05
