,count,mean,std,min,25%,50%,75%,max
load,2922.0,70103.8690073376,8674.228322703297,48585.55212501,63761.019837085005,69694.37658333499,75787.03282292,95880.76445833
