term,estimate,pvalue
log_load_lag_7,0.6884850404015729,0.0
log_load_lag_1,0.2887282698265849,4.669148181402168e-149
const,0.2550841377799735,0.006809460367245303
