transformation,n_observations,adf_statistic,adf_pvalue,kpss_statistic,kpss_pvalue,adf_stationary_at_5pct,kpss_stationary_at_5pct
original,2557,-2.1272099716442354,0.23371500699541337,5.514815671166735,0.01,False,False
log,2557,-2.1395896795558267,0.22889612201926413,5.469650931583385,0.01,False,False
first_difference,2556,-11.532923842644673,3.793380523250253e-21,0.035007004120970166,0.1,True,True
seasonal_difference,2550,-13.131032508694965,1.4946242842781921e-24,0.016467586283708466,0.1,True,True
log_first_difference,2556,-11.57653947717441,3.0131375113216597e-21,0.03728779734262837,0.1,True,True
log_seasonal_difference,2550,-13.15527464962786,1.3412444886908138e-24,0.015987145281035224,0.1,True,True
